Id Employee,Name,Surname,Email,Phone number,City
1,Sage,Rowe,elit.Aliquam.auctor@adipiscinglobortis.org,991-5244,Whitby
2,Tucker,Hahn,Duis@necurnasuscipit.edu,769-4767,San Maurizio Canavese
3,Avram,Cantrell,elit@ante.com,317-5912,Saint John
4,Noah,Bright,conubia.nostra@sedestNunc.ca,509-0413,Chelsea
5,Roary,Marquez,vehicula@interdum.org,298-3037,Allein
6,Walker,Sargent,rutrum@erat.com,1-765-561-7910,Alken
7,Logan,Mendez,mauris.ut@tincidunt.edu,1-937-941-2955,Aosta
8,Amena,Leblanc,vitae.sodales@egestasAliquamfringilla.ca,152-3913,Wetzlar
9,Jermaine,Russell,eu.odio.tristique@lectusrutrumurna.net,743-6145,Rosiéres
10,Gisela,Hardin,in.molestie@ultrices.org,1-172-110-2688,Monstreux
11,Adam,Barton,eu.tellus@nequeSed.net,119-1475,Sulzbach
12,Hasad,Colon,enim@ornareplacerat.net,1-354-494-7615,Aguacaliente (San Francisco)
13,Shelley,Moreno,lacinia@Cras.net,640-9801,Mulhouse
14,Adria,Raymond,laoreet.posuere.enim@molestietellus.org,173-2353,Regina
15,Peter,Villarreal,amet@consequatpurus.org,1-656-442-8817,Lunel
16,Hilda,Garcia,sem@mus.org,573-5732,Alert Bay
17,Martena,Delaney,iaculis.aliquet@ultriciesdignissimlacus.com,1-251-812-3267,Meerut Cantonment
18,Walter,Espinoza,Duis@sit.org,1-124-132-1259,Henley-on-Thames
19,Zeus,Mullins,vel.arcu@condimentum.co.uk,990-1576,Mount Gambier
20,Mallory,Mercado,eros.turpis.non@nondapibus.net,865-2424,Frankfort
21,Calista,Hendricks,aliquam.eu.accumsan@lacinia.edu,624-8626,Montgomery
22,Maryam,Lane,quis@maurisipsum.com,1-989-614-7304,Queenstown
23,Evangeline,Collins,faucibus.lectus@sollicitudin.org,1-472-552-7278,Nellore
24,Cedric,Hudson,dolor.nonummy.ac@vitaesodalesat.com,148-8694,Annapolis County
25,Xandra,Church,blandit.at.nisi@nullamagna.net,1-275-524-8170,Richmond
26,Susan,Nolan,facilisis.magna@Morbi.edu,1-857-377-5620,Darbhanga
27,Dana,Cole,Quisque.ornare.tortor@tinciduntnibh.ca,1-492-338-9436,Anchorage
28,Drake,Douglas,ut@ornareelit.com,159-1306,Oldenburg
29,Mara,Hart,turpis.Nulla@Crasvehiculaaliquet.net,916-6546,Itzehoe
30,Donna,Rich,Mauris@atpedeCras.net,1-796-270-0040,Lathuy
31,Aubrey,Guthrie,hendrerit.a.arcu@Nam.edu,209-6956,Sant'Eufemia a Maiella
32,Nerea,Bailey,neque@etmagnaPraesent.org,685-4809,Hull
33,Desirae,Carver,hendrerit.a.arcu@eleifend.net,1-759-887-3349,Steyr
34,Tucker,Fulton,urna.et.arcu@maurissagittisplacerat.co.uk,1-385-632-8176,Wimmertingen
35,Dustin,Richardson,felis.adipiscing.fringilla@elitdictumeu.edu,1-291-797-0256,Sutton
36,Lois,Vasquez,Maecenas.ornare@Duiscursus.co.uk,1-454-130-3406,Ere?li
37,Inez,Vasquez,Curabitur.massa@imperdietdictum.com,756-2220,Nijlen
38,Avye,Olson,Vivamus@lorem.net,1-529-281-8041,Vallepietra
39,Gavin,Mitchell,dapibus@Morbineque.net,1-254-117-4686,Zirl
40,Sigourney,Langley,Donec.luctus.aliquet@congueelitsed.ca,1-599-298-3453,Châtelineau
41,Fiona,Peters,et.netus@egetipsumDonec.co.uk,254-2866,Wetaskiwin
42,Erasmus,Walls,ipsum.dolor.sit@Vestibulumante.edu,1-865-188-4015,Glain
43,April,Stewart,Quisque.porttitor@nequesed.net,460-6317,Lelystad
44,Kirk,Phelps,In@ametornare.ca,416-0832,Darlington
45,Brendan,Mcleod,luctus.ut.pellentesque@diamluctuslobortis.org,1-933-470-8916,Maiduguri
46,Gareth,Lewis,id.libero.Donec@liberoduinec.ca,209-2789,Hof
47,Hedda,Carey,mattis.Cras@Cras.edu,440-7583,Neerheylissem
48,Calvin,Cabrera,augue.ac.ipsum@eutellus.edu,1-104-293-0341,Fauglia
49,Ivory,Blackwell,mi@aliquet.ca,455-8675,TranÂs
50,Rashad,Douglas,faucibus@vehiculaetrutrum.ca,548-7934,San Pablo
51,Hedwig,Pace,semper.egestas@estmaurisrhoncus.co.uk,1-559-155-2869,Juazeiro
52,Fleur,Warner,neque.In.ornare@Etiamgravidamolestie.ca,1-560-989-8880,Puyehue
53,Abdul,Riggs,tellus.id@necdiam.net,1-108-479-3997,Neupré
54,Addison,Alvarado,amet.orci.Ut@atvelitPellentesque.co.uk,1-604-485-1033,Donstiennes
55,Kendall,Barry,lorem.vehicula.et@euismodurnaNullam.net,1-859-851-7679,?mamo?lu
56,Ainsley,Reed,massa.lobortis.ultrices@aliquetlobortisnisi.org,1-406-252-1233,Brive-la-Gaillarde
57,Irene,Sampson,massa.Integer@nec.co.uk,914-6255,Rae Bareli
58,Zachery,Peters,ullamcorper.Duis.cursus@blanditNam.edu,484-5819,Sefro
59,Montana,Mcfarland,velit.Cras.lorem@Nulla.ca,1-619-201-9884,Inverness
60,Kylee,Tran,pede.et.risus@magnaSedeu.co.uk,573-4633,Floriffoux
61,Jocelyn,Chan,magnis.dis@Cras.edu,604-8442,San Giuliano di Puglia
62,Malachi,Newman,amet@estMauris.ca,1-899-351-3089,Athens
63,Xenos,Cooper,placerat@pellentesqueSed.ca,179-4855,Pollena Trocchia
64,Stone,Barron,tincidunt.nunc.ac@Pellentesquetincidunttempus.co.uk,507-7791,Villers-Perwin
65,Jasmine,Salas,Donec.tincidunt.Donec@vitae.edu,1-191-199-6907,Saint-Prime
66,Jemima,Mcintosh,eros.nec@sagittisfelisDonec.co.uk,562-2562,Hull
67,Meredith,Franco,ut.aliquam.iaculis@egestas.co.uk,257-8750,Campomorone
68,Emerson,Chapman,Sed.auctor.odio@in.co.uk,1-598-529-5278,Lac La Biche County
69,Emerald,Mccarty,a@ornarelectusjusto.com,1-232-760-1883,Aklavik
70,Shellie,Forbes,elit@enimnonnisi.net,944-6850,Halen
71,Noble,Dunlap,tincidunt@DonecestNunc.edu,486-6885,Dollard-des-Ormeaux
72,Myra,Carson,Etiam.gravida@duiCraspellentesque.net,904-6216,Liége
73,Jaime,Sims,rutrum.magna.Cras@eratvolutpatNulla.co.uk,680-3469,South Portland
74,Kyla,Cabrera,viverra.Donec@dictumauguemalesuada.co.uk,430-6823,Collecchio
75,Pearl,Stafford,dui.quis.accumsan@lorem.co.uk,625-7214,Ficarolo
76,Xanthus,Reyes,euismod@nisiCum.net,1-788-783-4433,Lautaro
77,Hayfa,Bradshaw,pharetra.felis@sapienNunc.co.uk,777-5784,San Giacomo degli Schiavoni
78,Joseph,Sanders,Mauris.molestie@posuereat.edu,1-468-876-6544,ValÈncia
79,Asher,Tucker,Suspendisse.aliquet@enimnisl.co.uk,1-966-829-9258,Court-Saint-Etienne
80,Hillary,Fulton,sagittis.semper@sempercursusInteger.edu,252-1410,Gasteiz
81,Gail,Parrish,sociis.natoque@sitametconsectetuer.co.uk,202-9818,Latisana
82,Charlotte,Chan,risus@elit.org,496-3331,Houdemont
83,Cheryl,Buck,erat@liberoIntegerin.com,346-2157,Impe
84,Omar,Austin,enim.commodo@aliquamenim.ca,758-0273,Grande Prairie
85,Karly,Valencia,eu.eros.Nam@Quisque.org,355-6098,Palestrina
86,Walker,Beck,Aliquam@euligulaAenean.edu,1-852-936-8038,Las Vegas
87,Natalie,Whitfield,magnis.dis@aliquamarcuAliquam.com,1-422-372-9506,Florida
88,Iola,Roth,ut.dolor.dapibus@dapibus.ca,984-3763,Rotem
89,Mason,Ray,sem.ut@mattisCraseget.com,1-397-734-4001,Boston
90,Chandler,Levine,parturient.montes@Suspendisse.ca,252-3218,Bonn
91,Jarrod,Hodge,ligula@euaugueporttitor.co.uk,1-640-401-6981,Fort Smith
92,Kathleen,Vang,dictum.eu@Donecest.com,1-965-432-2399,Joinville
93,Bertha,Bullock,sodales.Mauris@sedorci.com,591-7970,Lozzo Atestino
94,Haviva,Fisher,Donec.est.Nunc@odiosemper.org,403-5493,Bad Neuenahr-Ahrweiler
95,Donovan,Rodriquez,bibendum.ullamcorper@dictumcursus.ca,1-160-957-7521,Laon
96,Xander,Dodson,Suspendisse.non@auctornunc.edu,1-614-636-4457,Sint-Niklaas
97,Orson,David,ac.risus@Vestibulum.edu,1-148-323-5604,Lo Espejo
98,Katelyn,Phelps,luctus.ipsum@convallisdolorQuisque.co.uk,369-0183,Cerchio
99,Eden,Powell,erat@placerat.com,1-686-300-1447,San Javier
100,Whoopi,Watkins,pharetra@ami.org,1-266-430-7519,Castelluccio Valmaggiore
